{
    "2025-04-06": {
    "high_values": [
        {
            "Ativo": "AURE3",
            "Último (R$)": "7,39",
            "Var. Dia (%)": "7,58",
            "Val. Min (R$)": "7,82",
            "Val. Máx (R$)": "7,95",
            "Data": "17:07 03/04"
        },
        {
            "Ativo": "MGLU3",
            "Último (R$)": "11,19",
            "Var. Dia (%)": "5,45",
            "Val. Min (R$)": "11,41",
            "Val. Máx (R$)": "11,85",
            "Data": "17:07 03/04"
        },
        {
            "Ativo": "IGTI11",
            "Último (R$)": "18,57",
            "Var. Dia (%)": "5,12",
            "Val. Min (R$)": "19,32",
            "Val. Máx (R$)": "19,61",
            "Data": "17:08 03/04"
        },
        {
            "Ativo": "EGIE3",
            "Último (R$)": "38,17",
            "Var. Dia (%)": "4,74",
            "Val. Min (R$)": "39,65",
            "Val. Máx (R$)": "40,03",
            "Data": "17:07 03/04"
        },
        {
            "Ativo": "RAIL3",
            "Último (R$)": "16,87",
            "Var. Dia (%)": "4,62",
            "Val. Min (R$)": "17,61",
            "Val. Máx (R$)": "17,76",
            "Data": "17:07 03/04"
        },
        {
            "Ativo": "ASAI3",
            "Último (R$)": "8,07",
            "Var. Dia (%)": "4,58",
            "Val. Min (R$)": "8,32",
            "Val. Máx (R$)": "8,51",
            "Data": "17:07 03/04"
        },
        {
            "Ativo": "CYRE3",
            "Último (R$)": "24,13",
            "Var. Dia (%)": "4,38",
            "Val. Min (R$)": "24,94",
            "Val. Máx (R$)": "25,32",
            "Data": "17:07 03/04"
        },
        {
            "Ativo": "COGN3",
            "Último (R$)": "2,09",
            "Var. Dia (%)": "4,3",
            "Val. Min (R$)": "2,12",
            "Val. Máx (R$)": "2,19",
            "Data": "17:07 03/04"
        },
        {
            "Ativo": "ALOS3",
            "Último (R$)": "19,42",
            "Var. Dia (%)": "4,26",
            "Val. Min (R$)": "20,19",
            "Val. Máx (R$)": "20,39",
            "Data": "17:07 03/04"
        },
        {
            "Ativo": "ENGI11",
            "Último (R$)": "40,46",
            "Var. Dia (%)": "4,23",
            "Val. Min (R$)": "42,12",
            "Val. Máx (R$)": "42,67",
            "Data": "17:07 03/04"
        },
        {
            "Ativo": "CSAN3",
            "Último (R$)": "7,49",
            "Var. Dia (%)": "4,01",
            "Val. Min (R$)": "7,69",
            "Val. Máx (R$)": "7,79",
            "Data": "17:07 03/04"
        },
        {
            "Ativo": "YDUQ3",
            "Último (R$)": "12,43",
            "Var. Dia (%)": "3,78",
            "Val. Min (R$)": "12,62",
            "Val. Máx (R$)": "12,93",
            "Data": "17:07 03/04"
        },
        {
            "Ativo": "MULT3",
            "Último (R$)": "22,75",
            "Var. Dia (%)": "3,52",
            "Val. Min (R$)": "23,54",
            "Val. Máx (R$)": "23,81",
            "Data": "17:07 03/04"
        },
        {
            "Ativo": "NTCO3",
            "Último (R$)": "9,11",
            "Var. Dia (%)": "3,51",
            "Val. Min (R$)": "9,33",
            "Val. Máx (R$)": "9,49",
            "Data": "17:07 03/04"
        },
        {
            "Ativo": "CCRO3",
            "Último (R$)": "11,78",
            "Var. Dia (%)": "3,48",
            "Val. Min (R$)": "12,08",
            "Val. Máx (R$)": "12,21",
            "Data": "17:07 03/04"
        },
        {
            "Ativo": "SBSP3",
            "Último (R$)": "102,21",
            "Var. Dia (%)": "3,27",
            "Val. Min (R$)": "105,35",
            "Val. Máx (R$)": "105,99",
            "Data": "17:07 03/04"
        },
        {
            "Ativo": "HAPV3",
            "Último (R$)": "2,18",
            "Var. Dia (%)": "3,21",
            "Val. Min (R$)": "2,24",
            "Val. Máx (R$)": "2,27",
            "Data": "17:07 03/04"
        },
        {
            "Ativo": "VIVA3",
            "Último (R$)": "20",
            "Var. Dia (%)": "3",
            "Val. Min (R$)": "20,37",
            "Val. Máx (R$)": "20,62",
            "Data": "17:07 03/04"
        },
        {
            "Ativo": "EQTL3",
            "Último (R$)": "32,47",
            "Var. Dia (%)": "2,68",
            "Val. Min (R$)": "33,11",
            "Val. Máx (R$)": "33,51",
            "Data": "17:07 03/04"
        },
        {
            "Ativo": "CPLE6",
            "Último (R$)": "10,56",
            "Var. Dia (%)": "2,56",
            "Val. Min (R$)": "10,74",
            "Val. Máx (R$)": "10,88",
            "Data": "17:07 03/04"
        },
        {
            "Ativo": "B3SA3",
            "Último (R$)": "12,42",
            "Var. Dia (%)": "2,5",
            "Val. Min (R$)": "12,58",
            "Val. Máx (R$)": "12,73",
            "Data": "17:07 03/04"
        },
        {
            "Ativo": "RADL3",
            "Último (R$)": "19,48",
            "Var. Dia (%)": "2,25",
            "Val. Min (R$)": "19,92",
            "Val. Máx (R$)": "20,18",
            "Data": "17:07 03/04"
        },
        {
            "Ativo": "TOTS3",
            "Último (R$)": "33,74",
            "Var. Dia (%)": "2,25",
            "Val. Min (R$)": "34,28",
            "Val. Máx (R$)": "34,5",
            "Data": "17:07 03/04"
        },
        {
            "Ativo": "LREN3",
            "Último (R$)": "12,97",
            "Var. Dia (%)": "2,24",
            "Val. Min (R$)": "13,26",
            "Val. Máx (R$)": "13,51",
            "Data": "17:07 03/04"
        },
        {
            "Ativo": "RENT3",
            "Último (R$)": "36,45",
            "Var. Dia (%)": "2,17",
            "Val. Min (R$)": "37,06",
            "Val. Máx (R$)": "37,47",
            "Data": "17:07 03/04"
        },
        {
            "Ativo": "VAMO3",
            "Último (R$)": "4,74",
            "Var. Dia (%)": "2,11",
            "Val. Min (R$)": "4,7",
            "Val. Máx (R$)": "4,9",
            "Data": "17:07 03/04"
        },
        {
            "Ativo": "UGPA3",
            "Último (R$)": "17,42",
            "Var. Dia (%)": "2,06",
            "Val. Min (R$)": "17,63",
            "Val. Máx (R$)": "17,82",
            "Data": "17:07 03/04"
        },
        {
            "Ativo": "MRVE3",
            "Último (R$)": "5,18",
            "Var. Dia (%)": "1,93",
            "Val. Min (R$)": "5,21",
            "Val. Máx (R$)": "5,33",
            "Data": "17:07 03/04"
        },
        {
            "Ativo": "BBDC4",
            "Último (R$)": "12,47",
            "Var. Dia (%)": "1,92",
            "Val. Min (R$)": "12,7",
            "Val. Máx (R$)": "12,82",
            "Data": "17:07 03/04"
        },
        {
            "Ativo": "BBDC3",
            "Último (R$)": "11,18",
            "Var. Dia (%)": "1,88",
            "Val. Min (R$)": "11,35",
            "Val. Máx (R$)": "11,47",
            "Data": "17:07 03/04"
        },
        {
            "Ativo": "HYPE3",
            "Último (R$)": "20,17",
            "Var. Dia (%)": "1,88",
            "Val. Min (R$)": "20,43",
            "Val. Máx (R$)": "20,63",
            "Data": "17:07 03/04"
        },
        {
            "Ativo": "VIVT3",
            "Último (R$)": "51,45",
            "Var. Dia (%)": "1,87",
            "Val. Min (R$)": "51,89",
            "Val. Máx (R$)": "52,41",
            "Data": "17:07 03/04"
        },
        {
            "Ativo": "VBBR3",
            "Último (R$)": "18,27",
            "Var. Dia (%)": "1,86",
            "Val. Min (R$)": "18,42",
            "Val. Máx (R$)": "18,61",
            "Data": "17:07 03/04"
        },
        {
            "Ativo": "TAEE11",
            "Último (R$)": "33,83",
            "Var. Dia (%)": "1,83",
            "Val. Min (R$)": "34,33",
            "Val. Máx (R$)": "34,52",
            "Data": "17:07 03/04"
        },
        {
            "Ativo": "ITSA4",
            "Último (R$)": "9,44",
            "Var. Dia (%)": "1,8",
            "Val. Min (R$)": "9,61",
            "Val. Máx (R$)": "9,67",
            "Data": "17:07 03/04"
        },
        {
            "Ativo": "BBSE3",
            "Último (R$)": "40,47",
            "Var. Dia (%)": "1,78",
            "Val. Min (R$)": "41,08",
            "Val. Máx (R$)": "41,33",
            "Data": "17:07 03/04"
        },
        {
            "Ativo": "IRBR3",
            "Último (R$)": "52,2",
            "Var. Dia (%)": "1,78",
            "Val. Min (R$)": "52,67",
            "Val. Máx (R$)": "53,13",
            "Data": "17:07 03/04"
        },
        {
            "Ativo": "ITUB4",
            "Último (R$)": "31,41",
            "Var. Dia (%)": "1,78",
            "Val. Min (R$)": "31,82",
            "Val. Máx (R$)": "32,2",
            "Data": "17:07 03/04"
        },
        {
            "Ativo": "ELET3",
            "Último (R$)": "40,7",
            "Var. Dia (%)": "1,65",
            "Val. Min (R$)": "41,34",
            "Val. Máx (R$)": "41,75",
            "Data": "17:07 03/04"
        },
        {
            "Ativo": "RDOR3",
            "Último (R$)": "28,4",
            "Var. Dia (%)": "1,65",
            "Val. Min (R$)": "28,66",
            "Val. Máx (R$)": "28,89",
            "Data": "17:07 03/04"
        },
        {
            "Ativo": "TIMS3",
            "Último (R$)": "18,11",
            "Var. Dia (%)": "1,49",
            "Val. Min (R$)": "18,32",
            "Val. Máx (R$)": "18,44",
            "Data": "17:07 03/04"
        },
        {
            "Ativo": "SANB11",
            "Último (R$)": "27,15",
            "Var. Dia (%)": "1,4",
            "Val. Min (R$)": "27,53",
            "Val. Máx (R$)": "27,82",
            "Data": "17:07 03/04"
        },
        {
            "Ativo": "ABEV3",
            "Último (R$)": "13,67",
            "Var. Dia (%)": "1,32",
            "Val. Min (R$)": "13,84",
            "Val. Máx (R$)": "13,94",
            "Data": "17:07 03/04"
        },
        {
            "Ativo": "BPAC11",
            "Último (R$)": "34,36",
            "Var. Dia (%)": "1,31",
            "Val. Min (R$)": "34,71",
            "Val. Máx (R$)": "34,92",
            "Data": "17:07 03/04"
        },
        {
            "Ativo": "ELET6",
            "Último (R$)": "44,32",
            "Var. Dia (%)": "1,08",
            "Val. Min (R$)": "44,8",
            "Val. Máx (R$)": "45,28",
            "Data": "17:07 03/04"
        },
        {
            "Ativo": "ISAE4",
            "Último (R$)": "22,21",
            "Var. Dia (%)": "1,04",
            "Val. Min (R$)": "22,36",
            "Val. Máx (R$)": "22,47",
            "Data": "17:07 03/04"
        },
        {
            "Ativo": "CRFB3",
            "Último (R$)": "7,36",
            "Var. Dia (%)": "0,95",
            "Val. Min (R$)": "7,38",
            "Val. Máx (R$)": "7,43",
            "Data": "17:07 03/04"
        },
        {
            "Ativo": "CVCB3",
            "Último (R$)": "2,12",
            "Var. Dia (%)": "0,94",
            "Val. Min (R$)": "2,14",
            "Val. Máx (R$)": "2,19",
            "Data": "17:07 03/04"
        },
        {
            "Ativo": "ENEV3",
            "Último (R$)": "12",
            "Var. Dia (%)": "0,92",
            "Val. Min (R$)": "11,96",
            "Val. Máx (R$)": "12,11",
            "Data": "17:07 03/04"
        },
        {
            "Ativo": "FLRY3",
            "Último (R$)": "11,86",
            "Var. Dia (%)": "0,76",
            "Val. Min (R$)": "11,88",
            "Val. Máx (R$)": "12",
            "Data": "17:07 03/04"
        },
        {
            "Ativo": "LWSA3",
            "Último (R$)": "2,71",
            "Var. Dia (%)": "0,74",
            "Val. Min (R$)": "2,7",
            "Val. Máx (R$)": "2,73",
            "Data": "17:07 03/04"
        },
        {
            "Ativo": "CMIG4",
            "Último (R$)": "10,09",
            "Var. Dia (%)": "0,59",
            "Val. Min (R$)": "10,11",
            "Val. Máx (R$)": "10,19",
            "Data": "17:07 03/04"
        },
        {
            "Ativo": "BBAS3",
            "Último (R$)": "28,35",
            "Var. Dia (%)": "0,56",
            "Val. Min (R$)": "28,38",
            "Val. Máx (R$)": "28,51",
            "Data": "17:07 03/04"
        },
        {
            "Ativo": "AZUL4",
            "Último (R$)": "3,3",
            "Var. Dia (%)": "0,3",
            "Val. Min (R$)": "3,27",
            "Val. Máx (R$)": "3,34",
            "Data": "17:07 03/04"
        },
        {
            "Ativo": "STBP3",
            "Último (R$)": "13,29",
            "Var. Dia (%)": "0,3",
            "Val. Min (R$)": "13,25",
            "Val. Máx (R$)": "13,33",
            "Data": "17:07 03/04"
        },
        {
            "Ativo": "AMOB3",
            "Último (R$)": "0,26",
            "Var. Dia (%)": "0",
            "Val. Min (R$)": "0,25",
            "Val. Máx (R$)": "0,27",
            "Data": "17:07 03/04"
        },
        {
            "Ativo": "POMO4",
            "Último (R$)": "6,22",
            "Var. Dia (%)": "0",
            "Val. Min (R$)": "6,19",
            "Val. Máx (R$)": "6,31",
            "Data": "17:07 03/04"
        },
        {
            "Ativo": "RAIZ4",
            "Último (R$)": "1,84",
            "Var. Dia (%)": "0",
            "Val. Min (R$)": "1,83",
            "Val. Máx (R$)": "1,88",
            "Data": "17:07 03/04"
        }
    ],
    "low_values": [
        {
            "Ativo": "BRAV3",
            "Último (R$)": "22,69",
            "Var. Dia (%)": "-7,18",
            "Val. Min (R$)": "20,49",
            "Val. Máx (R$)": "21,27",
            "Data": "17:07 03/04"
        },
        {
            "Ativo": "PRIO3",
            "Último (R$)": "39,58",
            "Var. Dia (%)": "-6,95",
            "Val. Min (R$)": "36,67",
            "Val. Máx (R$)": "37,27",
            "Data": "17:07 03/04"
        },
        {
            "Ativo": "SMTO3",
            "Último (R$)": "21,26",
            "Var. Dia (%)": "-5,79",
            "Val. Min (R$)": "19,91",
            "Val. Máx (R$)": "20,16",
            "Data": "17:07 03/04"
        },
        {
            "Ativo": "RECV3",
            "Último (R$)": "16,62",
            "Var. Dia (%)": "-5,54",
            "Val. Min (R$)": "15,7",
            "Val. Máx (R$)": "15,91",
            "Data": "17:07 03/04"
        },
        {
            "Ativo": "SUZB3",
            "Último (R$)": "53,44",
            "Var. Dia (%)": "-4,43",
            "Val. Min (R$)": "50,98",
            "Val. Máx (R$)": "51,35",
            "Data": "17:07 03/04"
        },
        {
            "Ativo": "PCAR3",
            "Último (R$)": "3,51",
            "Var. Dia (%)": "-3,7",
            "Val. Min (R$)": "3,16",
            "Val. Máx (R$)": "3,4",
            "Data": "17:07 03/04"
        },
        {
            "Ativo": "VALE3",
            "Último (R$)": "56,93",
            "Var. Dia (%)": "-3,62",
            "Val. Min (R$)": "54,76",
            "Val. Máx (R$)": "55,42",
            "Data": "17:07 03/04"
        },
        {
            "Ativo": "PETR3",
            "Último (R$)": "40,82",
            "Var. Dia (%)": "-3,53",
            "Val. Min (R$)": "39,26",
            "Val. Máx (R$)": "39,72",
            "Data": "17:07 03/04"
        },
        {
            "Ativo": "PETR4",
            "Último (R$)": "37,2",
            "Var. Dia (%)": "-3,23",
            "Val. Min (R$)": "35,93",
            "Val. Máx (R$)": "36,24",
            "Data": "17:07 03/04"
        },
        {
            "Ativo": "BRAP4",
            "Último (R$)": "17,87",
            "Var. Dia (%)": "-3,02",
            "Val. Min (R$)": "17,32",
            "Val. Máx (R$)": "17,44",
            "Data": "17:07 03/04"
        },
        {
            "Ativo": "GOAU4",
            "Último (R$)": "9,07",
            "Var. Dia (%)": "-2,87",
            "Val. Min (R$)": "8,81",
            "Val. Máx (R$)": "8,89",
            "Data": "17:07 03/04"
        },
        {
            "Ativo": "GGBR4",
            "Último (R$)": "16,38",
            "Var. Dia (%)": "-2,81",
            "Val. Min (R$)": "15,85",
            "Val. Máx (R$)": "16,04",
            "Data": "17:07 03/04"
        },
        {
            "Ativo": "EMBR3",
            "Último (R$)": "64,87",
            "Var. Dia (%)": "-2,33",
            "Val. Min (R$)": "63,09",
            "Val. Máx (R$)": "64",
            "Data": "17:07 03/04"
        },
        {
            "Ativo": "CMIN3",
            "Último (R$)": "5,96",
            "Var. Dia (%)": "-2",
            "Val. Min (R$)": "5,81",
            "Val. Máx (R$)": "5,88",
            "Data": "17:07 03/04"
        },
        {
            "Ativo": "CSNA3",
            "Último (R$)": "8,99",
            "Var. Dia (%)": "-2",
            "Val. Min (R$)": "8,74",
            "Val. Máx (R$)": "8,84",
            "Data": "17:07 03/04"
        },
        {
            "Ativo": "BEEF3",
            "Último (R$)": "6,58",
            "Var. Dia (%)": "-1,82",
            "Val. Min (R$)": "6,37",
            "Val. Máx (R$)": "6,52",
            "Data": "17:07 03/04"
        },
        {
            "Ativo": "KLBN11",
            "Último (R$)": "18,85",
            "Var. Dia (%)": "-1,64",
            "Val. Min (R$)": "18,46",
            "Val. Máx (R$)": "18,66",
            "Data": "17:07 03/04"
        },
        {
            "Ativo": "WEGE3",
            "Último (R$)": "44,9",
            "Var. Dia (%)": "-1,4",
            "Val. Min (R$)": "44,06",
            "Val. Máx (R$)": "44,43",
            "Data": "17:07 03/04"
        },
        {
            "Ativo": "BRKM5",
            "Último (R$)": "10,57",
            "Var. Dia (%)": "-1,23",
            "Val. Min (R$)": "10,3",
            "Val. Máx (R$)": "10,5",
            "Data": "17:07 03/04"
        },
        {
            "Ativo": "USIM5",
            "Último (R$)": "5,82",
            "Var. Dia (%)": "-1,03",
            "Val. Min (R$)": "5,71",
            "Val. Máx (R$)": "5,76",
            "Data": "17:07 03/04"
        },
        {
            "Ativo": "JBSS3",
            "Último (R$)": "41,44",
            "Var. Dia (%)": "-0,89",
            "Val. Min (R$)": "41,07",
            "Val. Máx (R$)": "41,42",
            "Data": "17:07 03/04"
        },
        {
            "Ativo": "MRFG3",
            "Último (R$)": "18,76",
            "Var. Dia (%)": "-0,85",
            "Val. Min (R$)": "18,35",
            "Val. Máx (R$)": "18,6",
            "Data": "17:07 03/04"
        },
        {
            "Ativo": "BRFS3",
            "Último (R$)": "19,8",
            "Var. Dia (%)": "-0,81",
            "Val. Min (R$)": "19,61",
            "Val. Máx (R$)": "19,72",
            "Data": "17:07 03/04"
        },
        {
            "Ativo": "SLCE3",
            "Último (R$)": "18,76",
            "Var. Dia (%)": "-0,69",
            "Val. Min (R$)": "18,55",
            "Val. Máx (R$)": "18,78",
            "Data": "17:07 03/04"
        },
        {
            "Ativo": "PETZ3",
            "Último (R$)": "4,09",
            "Var. Dia (%)": "-0,49",
            "Val. Min (R$)": "4,08",
            "Val. Máx (R$)": "4,13",
            "Data": "17:07 03/04"
        },
        {
            "Ativo": "CXSE3",
            "Último (R$)": "15,23",
            "Var. Dia (%)": "-0,46",
            "Val. Min (R$)": "15,15",
            "Val. Máx (R$)": "15,25",
            "Data": "17:07 03/04"
        },
        {
            "Ativo": "CPFE3",
            "Último (R$)": "38,24",
            "Var. Dia (%)": "-0,34",
            "Val. Min (R$)": "38,11",
            "Val. Máx (R$)": "38,47",
            "Data": "17:07 03/04"
        },
        {
            "Ativo": "PSSA3",
            "Último (R$)": "41,07",
            "Var. Dia (%)": "-0,1",
            "Val. Min (R$)": "40,71",
            "Val. Máx (R$)": "41,05",
            "Data": "17:07 03/04"
        },
        {
            "Ativo": "ARZZ3",
            "Último (R$)": "48,69",
            "Var. Dia (%)": "-0,08",
            "Val. Min (R$)": "48,64",
            "Val. Máx (R$)": "49,8",
            "Data": "17:07 31/07"
        }
    ]
}
}